created_on,message_id,session_id,message,response
2024-12-16T01:26:22.629961,9fd06bfc-cc7c-4fd0-8151-59b21256f4d4,Y3VidXJ0X2Fjbl9iZWdpbm5lcg==,hi,"[1mGeminiFlashLLM[0m
Params: {}"
2024-12-16T01:28:23.727771,e5657346-fd69-4c53-bd0e-1b601399f8d3,Y3VidXJ0X2Fjbl9iZWdpbm5lcg==,hi,"[1mGeminiFlashLLM[0m
Params: {}"
2024-12-16T01:28:41.207951,3a60acb2-79cf-491e-a207-9806b0bc57b1,Y3VidXJ0X2Fjbl9iZWdpbm5lcg==,hi,"Please provide the document containing the financial data. I need the text of the document to extract the tables, analyze the financial information, and provide a JSON representation.  I cannot proceed without the data itself.
"
2024-12-16T01:39:01.568504,616ad71d-5034-43f4-a705-74e4aa842832,Y3VidXJ0X2Fjbl9iZWdpbm5lcg==,hi,"Please provide the document containing the financial data.  I need the text of the document (or a screenshot with clearly visible data) to extract, analyze, and summarize the financial information as requested.  Once you provide the data, I will:

1. **Extract the tabular data.**  I will attempt to identify tables and convert them into a structured format.
2. **Identify key metrics.** I will look for Revenue, Cost of Goods Sold (COGS), Gross Profit, Operating Expenses, Operating Income, Net Income (Net Profit), Assets, Liabilities, and Equity.
3. **Summarize performance trends.** I will analyze changes in key metrics over time and describe the trends (e.g., increasing, decreasing, stable).
4. **Highlight observations and anomalies.** I will point out any significant changes or unusual patterns in the data.
5. **Provide data in JSON format.** The extracted data will be presented as a JSON object.


I look forward to receiving the financial data.
"
2024-12-16T02:23:48.745297,77233059-2b72-44d1-952b-c7bf1a170e5b,Y3VidXJ0X2Fjbl9iZWdpbm5lcg==,hi,"Please provide the financial data.  I'm ready to process it once you provide the text of the document or a clear image of the table(s).
"
2024-12-16T02:24:24.980236,bece964f-c278-410c-8088-0afae97bf70f,Y3VidXJ0X2Fjbl9iZWdpbm5lcg==,what were my queries?,"Your queries were:

1. **A request for assistance:**  You initiated the interaction with a simple ""hi"".

2. **A request for financial data processing:** You implicitly requested help processing financial data, although you did not provide the data itself initially.  Your later ""hi"" messages likely reiterate this underlying request.

3. **An implicit request for JSON output:**  Based on the instructions provided in the initial prompt which specified JSON output as a requirement, you implicitly requested that the JSON format be used for the final output.
"
2024-12-16T02:33:04.328431,ae5302ff-2724-45c0-a339-5286a04fae31,Y3VidXJ0X2Fjbl9iZWdpbm5lcg==,summarise file,"Please provide the financial data. I need the text of the document (or a screenshot with clearly visible data) to perform the requested analysis.  Once you provide the data, I will follow the instructions and return a JSON representation of the extracted and analyzed financial information, including a summary of the financial performance and any noteworthy observations.
"
2024-12-16T02:36:02.578074,b9a4abca-74d1-4fa8-afac-bb0fedc94585,Y3VidXJ0X2Fjbl9iZWdpbm5lcg==,summarise file,"Please provide the financial data. I need the text of the document (or a screenshot with clearly visible data) to perform the requested analysis.  Once you provide the data, I will:

1. **Extract the tabular data:**  I will carefully extract all rows, columns, and headers from your provided financial statements (balance sheet, income statement, etc.).

2. **Identify key metrics:** I will identify and extract key financial metrics such as Revenue, Cost of Goods Sold (COGS), Gross Profit, Operating Expenses, Operating Income, Net Income (Net Profit), Assets, Liabilities, and Equity.

3. **Analyze trends:** I will analyze the trends in these key metrics across different time periods (e.g., year-over-year, quarter-over-quarter) to understand the financial performance.

4. **Highlight anomalies:** I will look for and highlight any significant changes or anomalies in the data, such as sudden increases or decreases in revenue or expenses.  I will attempt to offer possible explanations for these anomalies, although I cannot provide definitive financial advice.

5. **Generate JSON output:**  Finally, I will present the extracted and analyzed data in a clean JSON format for easy further processing.  The JSON will include the extracted tables and a summary section with my observations and analysis.


Example of expected JSON output (this is just an example, the actual output will depend on the data you provide):

```json
{
  ""incomeStatement"": {
    ""headers"": [""Year"", ""Revenue"", ""Expenses"", ""Net Profit""],
    ""data"": [
      {""Year"": ""2022"", ""Revenue"": 100000, ""Expenses"": 60000, ""Net Profit"": 40000},
      {""Year"": ""2023"", ""Revenue"": 120000, ""Expenses"": 70000, ""Net Profit"": 50000}
    ]
  },
  ""summary"": {
    ""revenueGrowth"": ""20%"",
    ""expenseGrowth"": ""16.67%"",
    ""profitGrowth"": ""25%"",
    ""observations"": ""Revenue and profit showed strong growth in 2023.  Expense growth was also significant but proportionally less than revenue growth.""
  }
}
```
"
2024-12-16T02:39:28.331535,7777f62a-26ac-42bc-aca9-f686bc0227d0,Y3VidXJ0X2Fjbl9iZWdpbm5lcg==,summarise file,"Please provide the file.  I need the content of the financial document (text or a clear image of the table) to be able to summarize it and provide the JSON output as requested.
"
2024-12-16T02:40:55.410078,5601f1b2-66a2-472e-81bc-300b8c1128a5,Y3VidXJ0X2Fjbl9iZWdpbm5lcg==,summarise files,"Please provide the file. I need the content of the financial document (text or a clear image of the table) to be able to summarize it and provide the JSON output as requested.  I cannot summarize files without access to their contents.
"
2024-12-16T02:41:12.798980,9881236b-0522-4b7a-bdad-f72216341e86,Y3VidXJ0X2Fjbl9iZWdpbm5lcg==,summarise fiels,"Please provide the file.  I need the content of the financial document (text or a clear image of the table) to be able to summarize it and provide the JSON output as requested. I cannot summarize files without access to their contents.
"
2024-12-16T02:45:44.628130,30e05888-fde2-4948-9c93-e10b27de5711,Y3VidXJ0X2Fjbl9iZWdpbm5lcg==,summarise file,"Please provide the file. I need the content of the financial document (text or a clear image of the table) to be able to summarize it and provide the JSON output as requested.  I cannot summarize files without access to their contents.
"
2024-12-16T02:46:19.376458,34d5858e-9b1b-4aba-8b52-bc4780754020,Y3VidXJ0X2Fjbl9iZWdpbm5lcg==,summarise the files,"The provided text is an email chain concerning a resignation and does not contain any financial dataâ€”no balance sheets, income statements, or other financial metrics.  Therefore, I cannot extract tabular data, analyze financial performance, or provide a JSON output as requested.  To perform the requested task, please provide a document containing the relevant financial data.
"
2024-12-16T02:48:47.521631,17c6c3a8-06b9-4787-899d-e0a0114c4b14,Y3VidXJ0X2Fjbl9iZWdpbm5lcg==,what is microsoft's financial status?,"The provided text is an email chain regarding a resignation from HCL Software.  It does not contain any financial data for Microsoft or any other company. Therefore, I cannot answer your question about Microsoft's financial status.  To assess Microsoft's financial status, you would need to provide financial statements such as income statements and balance sheets from Microsoft's public filings (e.g., their 10-K report).
"
2024-12-16T03:07:40.780102,d226aeef-8ff6-4315-a2fa-cecd872e5e11,Y3VidXJ0X2Fjbl9iZWdpbm5lcg==,summarise the report,"The provided text is Microsoft's 2023 Annual Report, which includes a letter to shareholders, a business overview, and financial statements.  It does *not* contain a single, neatly formatted table of financial data suitable for direct JSON conversion.  The financial information is spread across multiple sections, including the MD&A (Management's Discussion and Analysis of Financial Condition and Results of Operations) and several notes to the financial statements.  Therefore, I cannot provide a single JSON representation.

However, I can summarize key financial metrics and performance trends:

**Key Financial Metrics (Fiscal Year 2023 vs. Fiscal Year 2022):**

* **Revenue:** $211.9 billion (7% increase)
* **Gross Margin:** $146.1 billion (8% increase)  Note: This includes a $3.7 billion increase due to a change in accounting estimate for the useful life of server and network equipment.
* **Operating Income:** $88.5 billion (6% increase)  Note: This also includes the impact of the accounting change.
* **Net Income:** $72.4 billion (1% decrease) Note: This is negatively impacted by a $1.2 billion charge related to restructuring, including employee severance.
* **Diluted Earnings Per Share:** $9.68 (0% change) Note:  Adjusted diluted EPS (non-GAAP) shows a 7% increase to $9.81.
* **Microsoft Cloud Revenue:** $111.6 billion (22% increase) This is a key growth driver.
* **Significant Segment Performance:**
    * **Intelligent Cloud:** Revenue increased 17%, driven by Azure's 29% growth.
    * **Productivity and Business Processes:** Revenue increased 9%, driven by Office 365 Commercial (13% growth) and LinkedIn (10% growth).
    * **More Personal Computing:** Revenue decreased 9%, primarily due to declines in Windows OEM (-25%) and Devices (-24%).  This segment is significantly impacted by increased channel inventory levels.

**Noteworthy Observations:**

* **Strong Cloud Growth:**  The Microsoft Cloud continues to be a major growth engine for the company, demonstrating its success in the cloud computing market.
* **AI Investment Impact:** The report heavily emphasizes investments in AI, suggesting future growth potential but also contributing to increased operating expenses.
* **Restructuring Charges:** A significant $1.2 billion charge in Q2 2023 relates to workforce reduction and lease consolidation, highlighting some challenges.
* **Windows OEM Decline:**  A sharp decrease in Windows OEM revenue is a concerning trend, largely attributed to macroeconomic factors and increased inventory levels of PCs within the supply chain.
* **Accounting Estimate Change:**  The change in accounting estimate regarding the useful life of server and network equipment significantly impacts the reported gross margin and operating income.  This change reflects internal efficiencies and technological advancements.

To get the data in JSON format, you would need to manually extract the relevant figures from the provided financial statements and create the JSON structure yourself. Due to the complexity and layout of the document, this task would be time-consuming and error-prone if done manually.  A dedicated data extraction and processing tool would be best suited to extract this information reliably into a structured JSON format ready for analysis.
"
2024-12-16T03:59:40.274805,c9590fc4-413b-4948-9c41-13b988ada164,Y3VidXJ0X2Fjbl9iZWdpbm5lcg==,what does this file say?,"The provided context shows a chat history, not a file.  The chat history indicates attempts to summarize financial information, specifically Microsoft's financial status, but the necessary financial data was not provided.  The AI consistently pointed out the lack of suitable data in the provided text to fulfill the request for financial data extraction and summarization.  Therefore, there is no file content to summarize.
"
2024-12-16T04:02:25.143067,2c780381-5aae-4bff-826c-c9b564add2cd,Y3VidXJ0X2Fjbl9iZWdpbm5lcg==,what does this file say?,"The provided context is a chat history, not a file containing financial data.  Therefore, there is no file content to summarize. The chat history shows attempts to obtain and summarize Microsoft's financial information, but no actual financial data was provided.  The AI consistently replied that it needed the financial data (e.g., income statements, balance sheets) to complete the requested task.
"
2024-12-16T04:06:14.069101,19181696-0593-4931-9422-d2e5249d1600,Y3VidXJ0X2Fjbl9iZWdpbm5lcg==,what about this,"The provided text is Microsoft's 2023 Annual Report, a lengthy document containing narrative descriptions and several tables of financial data spread across numerous pages.  It's not feasible to represent the *entire* report in a single JSON structure because of this.  However, I can extract and present key financial data from the provided excerpts in a JSON format that highlights essential metrics and trends.  Note that this JSON only reflects the data available in the snippets shared, not the full report.


```json
{
  ""reportTitle"": ""Microsoft 2023 Annual Report (Partial Data)"",
  ""fiscalYear"": ""2023"",
  ""summaryMetrics"": {
    ""revenue"": {
      ""amount"": 211915,
      ""unit"": ""millions"",
      ""yearOverYearChange"": 7,
      ""unitChange"": ""%""
    },
    ""grossMargin"": {
      ""amount"": 146052,
      ""unit"": ""millions"",
      ""yearOverYearChange"": 8,
      ""unitChange"": ""%""
    },
    ""operatingIncome"": {
      ""amount"": 88523,
      ""unit"": ""millions"",
      ""yearOverYearChange"": 6,
      ""unitChange"": ""%""
    },
    ""netIncome"": {
      ""amount"": 72361,
      ""unit"": ""millions"",
      ""yearOverYearChange"": -1,
      ""unitChange"": ""%""
    },
    ""dilutedEPS"": {
      ""amount"": 9.68,
      ""yearOverYearChange"": 0,
      ""unitChange"": ""%""
    },
    ""microsoftCloudRevenue"": {
      ""amount"": 111600,
      ""unit"": ""millions"",
      ""yearOverYearChange"": 22,
      ""unitChange"": ""%""
    }
  },
  ""segmentPerformance"": [
    {
      ""segment"": ""Productivity and Business Processes"",
      ""revenue"": {
        ""amount"": 69274,
        ""unit"": ""millions"",
        ""yearOverYearChange"": 9,
        ""unitChange"": ""%""
      },
      ""operatingIncome"": {
        ""amount"": 34189,
        ""unit"": ""millions"",
        ""yearOverYearChange"": 15,
        ""unitChange"": ""%""
      }
    },
    {
      ""segment"": ""Intelligent Cloud"",
      ""revenue"": {
        ""amount"": 87907,
        ""unit"": ""millions"",
        ""yearOverYearChange"": 17,
        ""unitChange"": ""%""
      },
      ""operatingIncome"": {
        ""amount"": 37884,
        ""unit"": ""millions"",
        ""yearOverYearChange"": 14,
        ""unitChange"": ""%""
      }
    },
    {
      ""segment"": ""More Personal Computing"",
      ""revenue"": {
        ""amount"": 54734,
        ""unit"": ""millions"",
        ""yearOverYearChange"": -9,
        ""unitChange"": ""%""
      },
      ""operatingIncome"": {
        ""amount"": 16450,
        ""unit"": ""millions"",
        ""yearOverYearChange"": -20,
        ""unitChange"": ""%""
      }
    }
  ],
  ""shareRepurchases"": {
      ""fiscalYear2023"": {
          ""shares"":69,
          ""amount"":18400,
          ""unit"":""millions""
      },
      ""fiscalYear2022"": {
          ""shares"": 95,
          ""amount"": 28033,
          ""unit"": ""millions""
      }
  },
  ""dividends"": {
    ""fiscalYear2023"": {
      ""dividendPerShare"": 2.72,
      ""totalAmount"": 20233,
      ""unit"": ""millions""
    },
    ""fiscalYear2022"": {
      ""dividendPerShare"": 2.48,
      ""totalAmount"": 18550,
      ""unit"": ""millions""
    }
  },
  ""stockPerformance"": {
    ""yearEndJune2023"":365.24,
      ""yearEndJune2022"":272.82,
      ""yearEndJune2021"":285.40,
      ""yearEndJune2020"":212.34,
      ""yearEndJune2019"":138.07,
      ""yearEndJune2018"":100          
  },
   ""notes"": ""This JSON represents a subset of the financial data from the provided text snippets.  The full Microsoft 2023 Annual Report contains considerably more detail.""
}
```

This JSON provides a structured representation of the extracted financial data.  Remember that a complete and accurate JSON representation would require processing the entire report using dedicated data extraction tools.
"
